date,load_mw
2015-01-01,45346.541666666664
2015-01-02,51941.166666666664
2015-01-03,46564.75
2015-01-04,45082.5
2015-01-05,55246.666666666664
2015-01-06,55496.5
2015-01-07,60113.0
2015-01-08,61432.291666666664
2015-01-09,60808.708333333336
2015-01-10,51784.041666666664
2015-01-11,48456.5
2015-01-12,61913.625
2015-01-13,60950.166666666664
2015-01-14,60946.458333333336
2015-01-15,61635.208333333336
2015-01-16,59642.25
2015-01-17,51133.75
2015-01-18,47487.291666666664
2015-01-19,60720.791666666664
2015-01-20,62052.208333333336
2015-01-21,61946.125
2015-01-22,62371.041666666664
2015-01-23,61289.041666666664
2015-01-24,53379.666666666664
2015-01-25,48534.25
2015-01-26,61786.25
2015-01-27,62015.625
2015-01-28,63308.958333333336
2015-01-29,62851.791666666664
2015-01-30,61035.0
2015-01-31,52042.458333333336
2015-02-01,48098.125
2015-02-02,61793.291666666664
2015-02-03,62584.875
2015-02-04,62909.125
2015-02-05,62918.833333333336
2015-02-06,62154.583333333336
2015-02-07,53505.25
2015-02-08,49401.333333333336
2015-02-09,62416.75
2015-02-10,62023.583333333336
2015-02-11,61875.041666666664
2015-02-12,61604.208333333336
2015-02-13,60234.041666666664
2015-02-14,51281.958333333336
2015-02-15,47528.875
2015-02-16,58873.708333333336
2015-02-17,61269.666666666664
2015-02-18,61858.833333333336
2015-02-19,62277.458333333336
2015-02-20,60733.541666666664
2015-02-21,51859.541666666664
2015-02-22,47747.541666666664
2015-02-23,61701.083333333336
2015-02-24,61904.458333333336
2015-02-25,60938.083333333336
2015-02-26,61287.666666666664
2015-02-27,61279.375
2015-02-28,53802.0
2015-03-01,51124.5
2015-03-02,61695.958333333336
2015-03-03,62471.625
2015-03-04,62931.0
2015-03-05,62319.791666666664
2015-03-06,60985.916666666664
2015-03-07,53445.875
2015-03-08,49230.875
2015-03-09,59804.541666666664
2015-03-10,60954.708333333336
2015-03-11,59911.166666666664
2015-03-12,59951.791666666664
2015-03-13,59293.25
2015-03-14,51315.666666666664
2015-03-15,47230.916666666664
2015-03-16,58934.625
2015-03-17,58770.458333333336
2015-03-18,58177.041666666664
2015-03-19,58386.291666666664
2015-03-20,57737.541666666664
2015-03-21,50334.125
2015-03-22,45874.958333333336
2015-03-23,58246.958333333336
2015-03-24,59121.833333333336
2015-03-25,58819.083333333336
2015-03-26,59750.625
2015-03-27,58979.791666666664
2015-03-28,49739.708333333336
2015-03-29,46478.25
2015-03-30,59897.958333333336
2015-03-31,61701.583333333336
2015-04-01,61027.916666666664
2015-04-02,58999.291666666664
2015-04-03,45561.583333333336
2015-04-04,45203.083333333336
2015-04-05,41196.916666666664
2015-04-06,42574.833333333336
2015-04-07,57432.333333333336
2015-04-08,57749.583333333336
2015-04-09,56673.291666666664
2015-04-10,55366.75
2015-04-11,47826.041666666664
2015-04-12,43614.166666666664
2015-04-13,56920.375
2015-04-14,57885.291666666664
2015-04-15,57924.5
2015-04-16,56817.458333333336
2015-04-17,55240.083333333336
2015-04-18,46508.958333333336
2015-04-19,42354.458333333336
2015-04-20,54791.166666666664
2015-04-21,56170.375
2015-04-22,56093.666666666664
2015-04-23,55682.75
2015-04-24,55142.583333333336
2015-04-25,46910.875
2015-04-26,42792.041666666664
2015-04-27,56599.041666666664
2015-04-28,57083.75
2015-04-29,56890.208333333336
2015-04-30,55851.916666666664
2015-05-01,42220.166666666664
2015-05-02,44146.916666666664
2015-05-03,43372.333333333336
2015-05-04,55783.583333333336
2015-05-05,57653.791666666664
2015-05-06,56907.958333333336
2015-05-07,56996.625
2015-05-08,55303.333333333336
2015-05-09,47138.708333333336
2015-05-10,42847.208333333336
2015-05-11,56202.333333333336
2015-05-12,57087.625
2015-05-13,55987.958333333336
2015-05-14,43062.833333333336
2015-05-15,49223.916666666664
2015-05-16,45786.875
2015-05-17,42541.958333333336
2015-05-18,55431.166666666664
2015-05-19,57373.041666666664
2015-05-20,56382.916666666664
2015-05-21,56365.458333333336
2015-05-22,55123.625
2015-05-23,45829.458333333336
2015-05-24,39522.958333333336
2015-05-25,41135.125
2015-05-26,54505.25
2015-05-27,55872.666666666664
2015-05-28,56443.041666666664
2015-05-29,55403.541666666664
2015-05-30,47165.833333333336
2015-05-31,42770.416666666664
2015-06-01,54450.458333333336
2015-06-02,56723.083333333336
2015-06-03,55580.833333333336
2015-06-04,46910.833333333336
2015-06-05,51639.208333333336
2015-06-06,46505.458333333336
2015-06-07,42364.916666666664
2015-06-08,55590.666666666664
2015-06-09,57021.791666666664
2015-06-10,57084.375
2015-06-11,56705.208333333336
2015-06-12,56092.916666666664
2015-06-13,47131.666666666664
2015-06-14,42472.041666666664
2015-06-15,54772.625
2015-06-16,55776.583333333336
2015-06-17,56130.125
2015-06-18,56725.75
2015-06-19,55839.125
2015-06-20,45990.125
2015-06-21,42831.25
2015-06-22,55237.791666666664
2015-06-23,56666.416666666664
2015-06-24,57092.916666666664
2015-06-25,56349.541666666664
2015-06-26,55441.833333333336
2015-06-27,46813.208333333336
2015-06-28,42364.0
2015-06-29,55131.958333333336
2015-06-30,55858.5
2015-07-01,57695.416666666664
2015-07-02,59073.333333333336
2015-07-03,57886.75
2015-07-04,48894.791666666664
2015-07-05,45020.166666666664
2015-07-06,57507.666666666664
2015-07-07,58576.0
2015-07-08,58222.041666666664
2015-07-09,57170.625
2015-07-10,55307.125
2015-07-11,46766.958333333336
2015-07-12,43595.083333333336
2015-07-13,56238.291666666664
2015-07-14,57481.5
2015-07-15,57487.166666666664
2015-07-16,57641.291666666664
2015-07-17,57007.25
2015-07-18,46939.5
2015-07-19,43262.625
2015-07-20,55956.416666666664
2015-07-21,58112.958333333336
2015-07-22,58028.416666666664
2015-07-23,56896.0
2015-07-24,55678.125
2015-07-25,48226.75
2015-07-26,42721.666666666664
2015-07-27,55466.958333333336
2015-07-28,56723.625
2015-07-29,56225.75
2015-07-30,56234.5
2015-07-31,53876.75
2015-08-01,45586.791666666664
2015-08-02,42063.916666666664
2015-08-03,54545.833333333336
2015-08-04,55848.208333333336
2015-08-05,54920.625
2015-08-06,56054.166666666664
2015-08-07,54976.5
2015-08-08,47878.583333333336
2015-08-09,43383.625
2015-08-10,54701.5
2015-08-11,56402.958333333336
2015-08-12,56180.75
2015-08-13,56465.625
2015-08-14,55642.375
2015-08-15,46372.75
2015-08-16,42911.916666666664
2015-08-17,54564.0
2015-08-18,54947.583333333336
2015-08-19,54587.5
2015-08-20,54948.333333333336
2015-08-21,54040.416666666664
2015-08-22,46225.875
2015-08-23,43332.458333333336
2015-08-24,56482.25
2015-08-25,58467.708333333336
2015-08-26,57945.333333333336
2015-08-27,57075.041666666664
2015-08-28,55470.166666666664
2015-08-29,47021.916666666664
2015-08-30,43281.416666666664
2015-08-31,56988.5
2015-09-01,58153.958333333336
2015-09-02,57042.416666666664
2015-09-03,56736.666666666664
2015-09-04,55803.291666666664
2015-09-05,47762.416666666664
2015-09-06,44608.833333333336
2015-09-07,56167.291666666664
2015-09-08,56934.833333333336
2015-09-09,56479.708333333336
2015-09-10,56672.5
2015-09-11,56048.0
2015-09-12,47654.583333333336
2015-09-13,44091.25
2015-09-14,57208.5
2015-09-15,58739.375
2015-09-16,58780.5
2015-09-17,59172.875
2015-09-18,56629.25
2015-09-19,47473.708333333336
2015-09-20,43927.791666666664
2015-09-21,51306.583333333336
2015-09-22,54614.125
2015-09-23,57205.166666666664
2015-09-24,57974.958333333336
2015-09-25,56703.375
2015-09-26,48006.375
2015-09-27,43571.666666666664
2015-09-28,56792.583333333336
2015-09-29,58202.208333333336
2015-09-30,57957.875
2015-10-01,57640.958333333336
2015-10-02,55267.166666666664
2015-10-03,44222.666666666664
2015-10-04,43748.375
2015-10-05,56486.916666666664
2015-10-06,59206.333333333336
2015-10-07,58785.541666666664
2015-10-08,58329.75
2015-10-09,57078.958333333336
2015-10-10,48273.125
2015-10-11,44841.208333333336
2015-10-12,57760.833333333336
2015-10-13,59802.958333333336
2015-10-14,60640.916666666664
2015-10-15,60681.333333333336
2015-10-16,59136.291666666664
2015-10-17,49779.708333333336
2015-10-18,45905.75
2015-10-19,58641.083333333336
2015-10-20,59565.666666666664
2015-10-21,59534.625
2015-10-22,60018.333333333336
2015-10-23,57402.25
2015-10-24,49384.333333333336
2015-10-25,45801.458333333336
2015-10-26,57840.166666666664
2015-10-27,59588.416666666664
2015-10-28,59935.75
2015-10-29,59439.375
2015-10-30,58260.166666666664
2015-10-31,48959.416666666664
2015-11-01,45187.833333333336
2015-11-02,58564.625
2015-11-03,60399.333333333336
2015-11-04,60280.541666666664
2015-11-05,59682.666666666664
2015-11-06,59234.75
2015-11-07,50947.958333333336
2015-11-08,46364.75
2015-11-09,60648.5
2015-11-10,62255.416666666664
2015-11-11,61671.291666666664
2015-11-12,61730.416666666664
2015-11-13,61342.666666666664
2015-11-14,52780.333333333336
2015-11-15,49009.875
2015-11-16,61110.458333333336
2015-11-17,63027.75
2015-11-18,63230.708333333336
2015-11-19,64330.291666666664
2015-11-20,61756.458333333336
2015-11-21,52701.666666666664
2015-11-22,49517.875
2015-11-23,62399.666666666664
2015-11-24,65319.375
2015-11-25,64672.833333333336
2015-11-26,63633.125
2015-11-27,62684.208333333336
2015-11-28,54881.75
2015-11-29,51537.708333333336
2015-11-30,63836.0
2015-12-01,64051.5
2015-12-02,63466.75
2015-12-03,62618.333333333336
2015-12-04,63002.125
2015-12-05,53950.583333333336
2015-12-06,49821.458333333336
2015-12-07,61320.791666666664
2015-12-08,63064.25
2015-12-09,63357.666666666664
2015-12-10,64463.958333333336
2015-12-11,64017.625
2015-12-12,53480.958333333336
2015-12-13,49646.083333333336
2015-12-14,61641.791666666664
2015-12-15,62243.5
2015-12-16,62457.166666666664
2015-12-17,60718.458333333336
2015-12-18,59031.458333333336
2015-12-19,50539.916666666664
2015-12-20,46762.708333333336
2015-12-21,56636.541666666664
2015-12-22,55864.583333333336
2015-12-23,53141.791666666664
2015-12-24,45127.625
2015-12-25,41586.916666666664
2015-12-26,42299.541666666664
2015-12-27,43116.541666666664
2015-12-28,48795.416666666664
2015-12-29,49326.25
2015-12-30,49744.708333333336
2015-12-31,46780.5
2016-01-01,41962.875
2016-01-02,47828.916666666664
2016-01-03,47109.583333333336
2016-01-04,57747.083333333336
2016-01-05,59588.041666666664
2016-01-06,57322.041666666664
2016-01-07,61692.208333333336
2016-01-08,61223.041666666664
2016-01-09,51520.875
2016-01-10,47212.708333333336
2016-01-11,62241.5
2016-01-12,63210.833333333336
2016-01-13,63546.916666666664
2016-01-14,63255.166666666664
2016-01-15,63155.458333333336
2016-01-16,53628.0
2016-01-17,50359.5
2016-01-18,64060.25
2016-01-19,65795.83333333333
2016-01-20,65272.708333333336
2016-01-21,64963.375
2016-01-22,64513.875
2016-01-23,54760.958333333336
2016-01-24,49505.708333333336
2016-01-25,61341.583333333336
2016-01-26,62688.375
2016-01-27,63339.083333333336
2016-01-28,62525.333333333336
2016-01-29,61705.625
2016-01-30,53764.333333333336
2016-01-31,48931.291666666664
2016-02-01,62368.166666666664
2016-02-02,63583.791666666664
2016-02-03,63857.416666666664
2016-02-04,63422.791666666664
2016-02-05,61598.5
2016-02-06,52224.416666666664
2016-02-07,48253.583333333336
2016-02-08,61037.958333333336
2016-02-09,62695.708333333336
2016-02-10,63512.083333333336
2016-02-11,62558.625
2016-02-12,61128.916666666664
2016-02-13,52743.416666666664
2016-02-14,49137.875
2016-02-15,62476.125
2016-02-16,63344.5
2016-02-17,63966.291666666664
2016-02-18,62598.958333333336
2016-02-19,62535.666666666664
2016-02-20,55144.666666666664
2016-02-21,49675.791666666664
2016-02-22,62329.916666666664
2016-02-23,62849.333333333336
2016-02-24,62457.458333333336
2016-02-25,62516.0
2016-02-26,60621.75
2016-02-27,51515.25
2016-02-28,48132.375
2016-02-29,60913.833333333336
2016-03-01,63349.041666666664
2016-03-02,62793.541666666664
2016-03-03,62240.458333333336
2016-03-04,61434.5
2016-03-05,51891.166666666664
2016-03-06,48268.375
2016-03-07,60551.916666666664
2016-03-08,62093.458333333336
2016-03-09,62306.5
2016-03-10,61490.875
2016-03-11,60926.583333333336
2016-03-12,53584.666666666664
2016-03-13,50004.5
2016-03-14,60122.083333333336
2016-03-15,61845.166666666664
2016-03-16,61821.708333333336
2016-03-17,60316.25
2016-03-18,60152.5
2016-03-19,51402.708333333336
2016-03-20,47689.25
2016-03-21,60024.541666666664
2016-03-22,60727.708333333336
2016-03-23,60518.25
2016-03-24,59133.166666666664
2016-03-25,47621.958333333336
2016-03-26,46882.875
2016-03-27,43215.958333333336
2016-03-28,45088.625
2016-03-29,57991.375
2016-03-30,59404.25
2016-03-31,58904.416666666664
2016-04-01,58101.0
2016-04-02,48594.5
2016-04-03,44482.375
2016-04-04,56700.125
2016-04-05,58365.166666666664
2016-04-06,59532.583333333336
2016-04-07,59139.916666666664
2016-04-08,57659.208333333336
2016-04-09,48116.25
2016-04-10,44312.0
2016-04-11,57140.541666666664
2016-04-12,57789.666666666664
2016-04-13,58447.875
2016-04-14,58321.708333333336
2016-04-15,56555.25
2016-04-16,43376.583333333336
2016-04-17,40421.416666666664
2016-04-18,56348.333333333336
2016-04-19,58394.375
2016-04-20,57557.0
2016-04-21,57066.125
2016-04-22,56109.083333333336
2016-04-23,47422.5
2016-04-24,40784.458333333336
2016-04-25,57713.375
2016-04-26,59552.583333333336
2016-04-27,60705.208333333336
2016-04-28,59050.916666666664
2016-04-29,57450.916666666664
2016-04-30,47549.875
2016-05-01,42164.5
2016-05-02,55321.875
2016-05-03,57858.666666666664
2016-05-04,56626.583333333336
2016-05-05,44436.75
2016-05-06,50390.666666666664
2016-05-07,46345.791666666664
2016-05-08,43402.458333333336
2016-05-09,56730.25
2016-05-10,57458.375
2016-05-11,57759.291666666664
2016-05-12,58721.916666666664
2016-05-13,56442.583333333336
2016-05-14,47619.708333333336
2016-05-15,42083.916666666664
2016-05-16,42828.625
2016-05-17,54470.208333333336
2016-05-18,57192.375
2016-05-19,57540.166666666664
2016-05-20,56852.291666666664
2016-05-21,47597.541666666664
2016-05-22,44129.833333333336
2016-05-23,56562.875
2016-05-24,58095.625
2016-05-25,56779.791666666664
2016-05-26,48396.375
2016-05-27,52538.083333333336
2016-05-28,46812.916666666664
2016-05-29,43900.333333333336
2016-05-30,57089.791666666664
2016-05-31,57728.958333333336
2016-06-01,57981.041666666664
2016-06-02,57640.041666666664
2016-06-03,56193.375
2016-06-04,47156.125
2016-06-05,43629.833333333336
2016-06-06,56235.458333333336
2016-06-07,57294.875
2016-06-08,57292.958333333336
2016-06-09,56945.416666666664
2016-06-10,55729.416666666664
2016-06-11,46556.5
2016-06-12,43724.125
2016-06-13,56174.541666666664
2016-06-14,57077.583333333336
2016-06-15,57115.083333333336
2016-06-16,57362.5
2016-06-17,56585.541666666664
2016-06-18,47327.291666666664
2016-06-19,43439.75
2016-06-20,55880.0
2016-06-21,56188.166666666664
2016-06-22,57089.416666666664
2016-06-23,57964.666666666664
2016-06-24,57535.541666666664
2016-06-25,48286.666666666664
2016-06-26,43616.708333333336
2016-06-27,56740.208333333336
2016-06-28,57222.333333333336
2016-06-29,58127.083333333336
2016-06-30,57792.083333333336
2016-07-01,56642.125
2016-07-02,47667.458333333336
2016-07-03,43161.25
2016-07-04,55769.541666666664
2016-07-05,58216.791666666664
2016-07-06,58204.916666666664
2016-07-07,56855.458333333336
2016-07-08,56822.25
2016-07-09,47740.541666666664
2016-07-10,44388.0
2016-07-11,57290.333333333336
2016-07-12,57486.791666666664
2016-07-13,56537.25
2016-07-14,57050.333333333336
2016-07-15,55699.083333333336
2016-07-16,46611.208333333336
2016-07-17,43489.083333333336
2016-07-18,55820.375
2016-07-19,57208.0
2016-07-20,58226.166666666664
2016-07-21,57672.708333333336
2016-07-22,56187.833333333336
2016-07-23,47087.208333333336
2016-07-24,43184.875
2016-07-25,56167.333333333336
2016-07-26,56837.916666666664
2016-07-27,56541.833333333336
2016-07-28,56089.458333333336
2016-07-29,54693.166666666664
2016-07-30,46388.083333333336
2016-07-31,42489.458333333336
2016-08-01,53626.5
2016-08-02,55445.583333333336
2016-08-03,56319.75
2016-08-04,56144.083333333336
2016-08-05,53937.041666666664
2016-08-06,45335.75
2016-08-07,42028.125
2016-08-08,54890.625
2016-08-09,54890.666666666664
2016-08-10,54714.708333333336
2016-08-11,54534.041666666664
2016-08-12,54241.541666666664
2016-08-13,46340.708333333336
2016-08-14,42090.5
2016-08-15,52324.416666666664
2016-08-16,54809.833333333336
2016-08-17,55035.0
2016-08-18,55506.083333333336
2016-08-19,54511.0
2016-08-20,47032.666666666664
2016-08-21,42961.708333333336
2016-08-22,55882.208333333336
2016-08-23,56600.583333333336
2016-08-24,56948.791666666664
2016-08-25,57161.125
2016-08-26,56585.666666666664
2016-08-27,48218.833333333336
2016-08-28,44488.583333333336
2016-08-29,57482.916666666664
2016-08-30,56830.5
2016-08-31,56556.291666666664
2016-09-01,56536.041666666664
2016-09-02,55356.625
2016-09-03,46154.333333333336
2016-09-04,44018.125
2016-09-05,56036.583333333336
2016-09-06,56443.625
2016-09-07,56774.041666666664
2016-09-08,57380.875
2016-09-09,55866.333333333336
2016-09-10,46373.333333333336
2016-09-11,42966.208333333336
2016-09-12,56290.75
2016-09-13,57552.75
2016-09-14,57842.583333333336
2016-09-15,57632.375
2016-09-16,55574.125
2016-09-17,45428.958333333336
2016-09-18,38952.666666666664
2016-09-19,54878.666666666664
2016-09-20,56292.416666666664
2016-09-21,55930.75
2016-09-22,55747.083333333336
2016-09-23,55281.916666666664
2016-09-24,46237.875
2016-09-25,42936.75
2016-09-26,56046.166666666664
2016-09-27,57261.041666666664
2016-09-28,58475.0
2016-09-29,59080.041666666664
2016-09-30,57064.333333333336
2016-10-01,47394.75
2016-10-02,43276.708333333336
2016-10-03,44247.375
2016-10-04,57700.458333333336
2016-10-05,59349.125
2016-10-06,60803.25
2016-10-07,59015.958333333336
2016-10-08,49594.458333333336
2016-10-09,46196.708333333336
2016-10-10,58566.625
2016-10-11,60396.0
2016-10-12,60638.333333333336
2016-10-13,61055.458333333336
2016-10-14,59445.416666666664
2016-10-15,49868.958333333336
2016-10-16,45474.625
2016-10-17,58995.375
2016-10-18,60510.583333333336
2016-10-19,61036.333333333336
2016-10-20,61267.083333333336
2016-10-21,59860.291666666664
2016-10-22,50278.083333333336
2016-10-23,46586.083333333336
2016-10-24,60361.083333333336
2016-10-25,60810.708333333336
2016-10-26,60350.416666666664
2016-10-27,60711.416666666664
2016-10-28,59883.916666666664
2016-10-29,49868.541666666664
2016-10-30,45493.125
2016-10-31,53285.458333333336
2016-11-01,51899.625
2016-11-02,62055.458333333336
2016-11-03,62976.791666666664
2016-11-04,61052.625
2016-11-05,52399.0
2016-11-06,48539.791666666664
2016-11-07,61622.791666666664
2016-11-08,63317.583333333336
2016-11-09,63728.708333333336
2016-11-10,63628.666666666664
2016-11-11,63141.916666666664
2016-11-12,53978.5
2016-11-13,50099.625
2016-11-14,63087.75
2016-11-15,64749.375
2016-11-16,63858.5
2016-11-17,63842.833333333336
2016-11-18,62995.333333333336
2016-11-19,53481.416666666664
2016-11-20,49890.0
2016-11-21,62473.458333333336
2016-11-22,62661.958333333336
2016-11-23,62463.416666666664
2016-11-24,63322.541666666664
2016-11-25,62444.041666666664
2016-11-26,53299.458333333336
2016-11-27,49073.125
2016-11-28,63232.208333333336
2016-11-29,65106.958333333336
2016-11-30,65786.45833333333
2016-12-01,65655.875
2016-12-02,63296.0
2016-12-03,54097.041666666664
2016-12-04,51211.583333333336
2016-12-05,64295.083333333336
2016-12-06,66347.70833333333
2016-12-07,66875.75
2016-12-08,65149.75
2016-12-09,63071.583333333336
2016-12-10,53289.375
2016-12-11,50627.791666666664
2016-12-12,63231.0
2016-12-13,64360.291666666664
2016-12-14,63857.083333333336
2016-12-15,64309.416666666664
2016-12-16,62809.583333333336
2016-12-17,54182.5
2016-12-18,50102.875
2016-12-19,61878.083333333336
2016-12-20,63015.75
2016-12-21,62729.791666666664
2016-12-22,60629.541666666664
2016-12-23,55953.083333333336
2016-12-24,47802.625
2016-12-25,44375.375
2016-12-26,44985.291666666664
2016-12-27,52172.666666666664
2016-12-28,51208.958333333336
2016-12-29,51105.541666666664
2016-12-30,51094.25
2016-12-31,47787.833333333336
2017-01-01,42451.041666666664
2017-01-02,56267.833333333336
2017-01-03,62519.708333333336
2017-01-04,63663.958333333336
2017-01-05,62553.708333333336
2017-01-06,59851.208333333336
2017-01-07,56254.541666666664
2017-01-08,51209.208333333336
2017-01-09,63912.833333333336
2017-01-10,65782.25
2017-01-11,66865.79166666667
2017-01-12,65496.041666666664
2017-01-13,65505.583333333336
2017-01-14,56065.5
2017-01-15,52007.625
2017-01-16,64848.583333333336
2017-01-17,66549.125
2017-01-18,66764.91666666667
2017-01-19,66731.45833333333
2017-01-20,65303.666666666664
2017-01-21,56395.666666666664
2017-01-22,52545.125
2017-01-23,66278.25
2017-01-24,67232.41666666667
2017-01-25,67025.375
2017-01-26,66595.20833333333
2017-01-27,65748.0
2017-01-28,56382.5
2017-01-29,52231.375
2017-01-30,65048.958333333336
2017-01-31,64989.833333333336
2017-02-01,65305.625
2017-02-02,64874.333333333336
2017-02-03,63089.25
2017-02-04,54281.416666666664
2017-02-05,49745.833333333336
2017-02-06,63050.041666666664
2017-02-07,65301.458333333336
2017-02-08,65569.125
2017-02-09,65939.20833333333
2017-02-10,65329.333333333336
2017-02-11,55742.541666666664
2017-02-12,51639.541666666664
2017-02-13,65044.5
2017-02-14,64898.291666666664
2017-02-15,64050.166666666664
2017-02-16,63934.083333333336
2017-02-17,63232.5
2017-02-18,53578.375
2017-02-19,49923.625
2017-02-20,63835.125
2017-02-21,64140.791666666664
2017-02-22,65204.25
2017-02-23,64217.5
2017-02-24,62280.916666666664
2017-02-25,53066.416666666664
2017-02-26,48424.166666666664
2017-02-27,59735.208333333336
2017-02-28,62875.583333333336
2017-03-01,63212.291666666664
2017-03-02,64103.041666666664
2017-03-03,60860.5
2017-03-04,51013.083333333336
2017-03-05,48426.791666666664
2017-03-06,61275.083333333336
2017-03-07,62927.791666666664
2017-03-08,63800.5
2017-03-09,62931.416666666664
2017-03-10,60789.041666666664
2017-03-11,51493.208333333336
2017-03-12,47444.375
2017-03-13,59581.583333333336
2017-03-14,60766.0
2017-03-15,60760.125
2017-03-16,59812.625
2017-03-17,59817.708333333336
2017-03-18,52994.75
2017-03-19,49469.791666666664
2017-03-20,60646.958333333336
2017-03-21,61210.75
2017-03-22,61719.583333333336
2017-03-23,60973.041666666664
2017-03-24,59971.958333333336
2017-03-25,49952.875
2017-03-26,45326.125
2017-03-27,58555.5
2017-03-28,58975.5
2017-03-29,59859.041666666664
2017-03-30,58917.833333333336
2017-03-31,57647.25
2017-04-01,47952.583333333336
2017-04-02,43991.083333333336
2017-04-03,57140.958333333336
2017-04-04,57703.791666666664
2017-04-05,59414.791666666664
2017-04-06,59652.125
2017-04-07,58652.291666666664
2017-04-08,48652.041666666664
2017-04-09,44651.208333333336
2017-04-10,58191.541666666664
2017-04-11,58739.041666666664
2017-04-12,59416.0
2017-04-13,57753.958333333336
2017-04-14,45338.625
2017-04-15,46987.833333333336
2017-04-16,42386.958333333336
2017-04-17,43534.208333333336
2017-04-18,58226.791666666664
2017-04-19,59582.666666666664
2017-04-20,59471.041666666664
2017-04-21,59093.791666666664
2017-04-22,50779.208333333336
2017-04-23,46566.0
2017-04-24,59177.5
2017-04-25,60092.458333333336
2017-04-26,60271.208333333336
2017-04-27,60070.583333333336
2017-04-28,58769.041666666664
2017-04-29,47949.375
2017-04-30,44387.291666666664
2017-05-01,44967.625
2017-05-02,59108.875
2017-05-03,59953.708333333336
2017-05-04,60697.541666666664
2017-05-05,58207.833333333336
2017-05-06,48580.583333333336
2017-05-07,45074.708333333336
2017-05-08,58566.208333333336
2017-05-09,57907.083333333336
2017-05-10,57684.291666666664
2017-05-11,57571.333333333336
2017-05-12,56946.666666666664
2017-05-13,47966.291666666664
2017-05-14,43566.583333333336
2017-05-15,56267.958333333336
2017-05-16,58017.916666666664
2017-05-17,58344.666666666664
2017-05-18,58390.416666666664
2017-05-19,57260.291666666664
2017-05-20,47601.833333333336
2017-05-21,43464.75
2017-05-22,55874.958333333336
2017-05-23,57652.208333333336
2017-05-24,56702.083333333336
2017-05-25,44158.25
2017-05-26,50038.75
2017-05-27,46582.541666666664
2017-05-28,43983.041666666664
2017-05-29,57270.75
2017-05-30,58595.791666666664
2017-05-31,58046.875
2017-06-01,56879.708333333336
2017-06-02,56238.916666666664
2017-06-03,46946.0
2017-06-04,41241.791666666664
2017-06-05,41858.708333333336
2017-06-06,56350.875
2017-06-07,58595.25
2017-06-08,56900.208333333336
2017-06-09,56617.291666666664
2017-06-10,47197.583333333336
2017-06-11,44176.416666666664
2017-06-12,57932.333333333336
2017-06-13,58052.541666666664
2017-06-14,56175.208333333336
2017-06-15,49794.458333333336
2017-06-16,53961.5
2017-06-17,47197.291666666664
2017-06-18,43888.291666666664
2017-06-19,57377.5
2017-06-20,59066.041666666664
2017-06-21,58562.208333333336
2017-06-22,59808.125
2017-06-23,58642.125
2017-06-24,49250.666666666664
2017-06-25,45042.583333333336
2017-06-26,57299.916666666664
2017-06-27,57873.791666666664
2017-06-28,58167.083333333336
2017-06-29,57821.416666666664
2017-06-30,57362.458333333336
2017-07-01,48077.625
2017-07-02,44267.75
2017-07-03,56204.541666666664
2017-07-04,57774.166666666664
2017-07-05,58298.958333333336
2017-07-06,58661.041666666664
2017-07-07,58294.666666666664
2017-07-08,49074.583333333336
2017-07-09,44635.333333333336
2017-07-10,57949.375
2017-07-11,58498.458333333336
2017-07-12,58837.625
2017-07-13,57462.583333333336
2017-07-14,56635.583333333336
2017-07-15,47271.208333333336
2017-07-16,43809.333333333336
2017-07-17,56437.416666666664
2017-07-18,57838.625
2017-07-19,58520.083333333336
2017-07-20,57685.583333333336
2017-07-21,56229.041666666664
2017-07-22,47738.166666666664
2017-07-23,43284.5
2017-07-24,55182.666666666664
2017-07-25,56807.958333333336
2017-07-26,56873.75
2017-07-27,56989.416666666664
2017-07-28,54869.333333333336
2017-07-29,46717.5
2017-07-30,43626.0
2017-07-31,55209.583333333336
2017-08-01,56603.083333333336
2017-08-02,56552.041666666664
2017-08-03,57424.166666666664
2017-08-04,55933.791666666664
2017-08-05,46095.416666666664
2017-08-06,41732.458333333336
2017-08-07,53991.416666666664
2017-08-08,56074.541666666664
2017-08-09,56393.791666666664
2017-08-10,55928.25
2017-08-11,54768.208333333336
2017-08-12,45791.0
2017-08-13,41864.583333333336
2017-08-14,53286.791666666664
2017-08-15,54335.666666666664
2017-08-16,55900.375
2017-08-17,56637.333333333336
2017-08-18,55796.541666666664
2017-08-19,46378.208333333336
2017-08-20,42518.875
2017-08-21,54774.75
2017-08-22,55192.791666666664
2017-08-23,55661.125
2017-08-24,56522.875
2017-08-25,55314.5
2017-08-26,46587.666666666664
2017-08-27,42946.208333333336
2017-08-28,55369.958333333336
2017-08-29,56884.083333333336
2017-08-30,57667.958333333336
2017-08-31,56908.041666666664
2017-09-01,54679.5
2017-09-02,45573.666666666664
2017-09-03,42228.291666666664
2017-09-04,55084.916666666664
2017-09-05,56700.166666666664
2017-09-06,57978.791666666664
2017-09-07,56667.125
2017-09-08,57337.875
2017-09-09,47687.0
2017-09-10,43633.333333333336
2017-09-11,57456.708333333336
2017-09-12,58438.458333333336
2017-09-13,60109.333333333336
2017-09-14,59441.958333333336
2017-09-15,57028.083333333336
2017-09-16,47611.75
2017-09-17,43835.166666666664
2017-09-18,56912.208333333336
2017-09-19,57777.041666666664
2017-09-20,57980.916666666664
2017-09-21,57540.375
2017-09-22,56655.333333333336
2017-09-23,48058.708333333336
2017-09-24,44714.708333333336
2017-09-25,57578.583333333336
2017-09-26,58137.375
2017-09-27,58601.916666666664
2017-09-28,58784.083333333336
2017-09-29,57795.5
2017-09-30,48875.625
2017-10-01,43880.75
2017-10-02,53504.0
2017-10-03,47434.208333333336
2017-10-04,58435.666666666664
2017-10-05,59914.041666666664
2017-10-06,59430.625
2017-10-07,50137.375
2017-10-08,46065.708333333336
2017-10-09,59064.0
2017-10-10,60627.541666666664
2017-10-11,60687.916666666664
2017-10-12,60635.708333333336
2017-10-13,58987.958333333336
2017-10-14,49525.791666666664
2017-10-15,44804.875
2017-10-16,58314.791666666664
2017-10-17,60356.333333333336
2017-10-18,59983.125
2017-10-19,59934.5
2017-10-20,60045.541666666664
2017-10-21,50421.041666666664
2017-10-22,46845.833333333336
2017-10-23,60158.916666666664
2017-10-24,61300.458333333336
2017-10-25,61672.708333333336
2017-10-26,60799.916666666664
2017-10-27,59720.25
2017-10-28,51605.166666666664
2017-10-29,48556.583333333336
2017-10-30,54097.208333333336
2017-10-31,48604.75
2017-11-01,54444.083333333336
2017-11-02,59764.666666666664
2017-11-03,59276.125
2017-11-04,52151.208333333336
2017-11-05,47615.916666666664
2017-11-06,60700.833333333336
2017-11-07,62541.666666666664
2017-11-08,62060.583333333336
2017-11-09,62399.958333333336
2017-11-10,62809.708333333336
2017-11-11,54085.291666666664
2017-11-12,49874.458333333336
2017-11-13,62147.916666666664
2017-11-14,63510.916666666664
2017-11-15,62013.958333333336
2017-11-16,63935.583333333336
2017-11-17,62850.666666666664
2017-11-18,55073.833333333336
2017-11-19,50322.791666666664
2017-11-20,63578.833333333336
2017-11-21,63968.458333333336
2017-11-22,63624.25
2017-11-23,64819.291666666664
2017-11-24,62915.833333333336
2017-11-25,54521.833333333336
2017-11-26,51463.333333333336
2017-11-27,65769.95833333333
2017-11-28,65868.58333333333
2017-11-29,64428.75
2017-11-30,64823.458333333336
2017-12-01,63594.791666666664
2017-12-02,55955.375
2017-12-03,53269.291666666664
2017-12-04,66091.08333333333
2017-12-05,66872.04166666667
2017-12-06,66573.58333333333
2017-12-07,66607.29166666667
2017-12-08,65813.75
2017-12-09,56870.958333333336
2017-12-10,53025.0
2017-12-11,65650.29166666667
2017-12-12,67119.20833333333
2017-12-13,67241.79166666667
2017-12-14,67129.95833333333
2017-12-15,63857.458333333336
2017-12-16,55764.833333333336
2017-12-17,52230.291666666664
2017-12-18,64115.375
2017-12-19,64194.458333333336
2017-12-20,62726.875
2017-12-21,61405.458333333336
2017-12-22,57337.583333333336
2017-12-23,50627.583333333336
2017-12-24,45241.75
2017-12-25,44179.416666666664
2017-12-26,45340.541666666664
2017-12-27,51043.541666666664
2017-12-28,52454.75
2017-12-29,51915.583333333336
2017-12-30,48391.416666666664
2017-12-31,44241.375
2018-01-01,44307.0
2018-01-02,56791.166666666664
2018-01-03,61558.375
2018-01-04,61141.958333333336
2018-01-05,59835.583333333336
2018-01-06,51077.666666666664
2018-01-07,49297.291666666664
2018-01-08,63485.333333333336
2018-01-09,64599.166666666664
2018-01-10,62439.041666666664
2018-01-11,62770.208333333336
2018-01-12,62106.458333333336
2018-01-13,54295.583333333336
2018-01-14,50668.541666666664
2018-01-15,65210.541666666664
2018-01-16,66335.58333333333
2018-01-17,66813.91666666667
2018-01-18,66506.29166666667
2018-01-19,63242.958333333336
2018-01-20,54638.458333333336
2018-01-21,50330.125
2018-01-22,63074.25
2018-01-23,64290.416666666664
2018-01-24,64896.625
2018-01-25,63510.041666666664
2018-01-26,61582.625
2018-01-27,53381.208333333336
2018-01-28,50162.458333333336
2018-01-29,63575.5
2018-01-30,64000.166666666664
2018-01-31,65509.375
2018-02-01,65081.125
2018-02-02,63376.041666666664
2018-02-03,53671.416666666664
2018-02-04,50499.041666666664
2018-02-05,63101.875
2018-02-06,64142.666666666664
2018-02-07,65029.833333333336
2018-02-08,64845.958333333336
2018-02-09,64666.208333333336
2018-02-10,55261.541666666664
2018-02-11,51661.0
2018-02-12,62609.5
2018-02-13,63196.416666666664
2018-02-14,64454.083333333336
2018-02-15,66278.83333333333
2018-02-16,63243.625
2018-02-17,54870.666666666664
2018-02-18,50511.291666666664
2018-02-19,62579.916666666664
2018-02-20,63695.916666666664
2018-02-21,63463.291666666664
2018-02-22,63889.625
2018-02-23,63653.75
2018-02-24,55594.583333333336
2018-02-25,51973.666666666664
2018-02-26,65844.25
2018-02-27,67483.25
2018-02-28,68084.45833333333
2018-03-01,67453.41666666667
2018-03-02,66874.20833333333
2018-03-03,57006.416666666664
2018-03-04,51348.041666666664
2018-03-05,61442.291666666664
2018-03-06,62188.0
2018-03-07,63162.958333333336
2018-03-08,63797.833333333336
2018-03-09,63040.041666666664
2018-03-10,52786.791666666664
2018-03-11,47832.083333333336
2018-03-12,60840.291666666664
2018-03-13,63283.125
2018-03-14,62224.958333333336
2018-03-15,63944.833333333336
2018-03-16,63702.833333333336
2018-03-17,57798.166666666664
2018-03-18,54407.708333333336
2018-03-19,64390.25
2018-03-20,66033.83333333333
2018-03-21,65213.458333333336
2018-03-22,65501.958333333336
2018-03-23,63244.583333333336
2018-03-24,52823.708333333336
2018-03-25,48067.458333333336
2018-03-26,61151.0
2018-03-27,61181.791666666664
2018-03-28,62968.041666666664
2018-03-29,61015.25
2018-03-30,48314.541666666664
2018-03-31,48376.416666666664
2018-04-01,44804.291666666664
2018-04-02,44996.708333333336
2018-04-03,58880.0
2018-04-04,60148.125
2018-04-05,62120.625
2018-04-06,59576.583333333336
2018-04-07,50528.458333333336
2018-04-08,45488.541666666664
2018-04-09,57572.75
2018-04-10,60010.125
2018-04-11,60934.208333333336
2018-04-12,60418.833333333336
2018-04-13,59774.916666666664
2018-04-14,49555.708333333336
2018-04-15,44432.625
2018-04-16,57149.708333333336
2018-04-17,57741.0
2018-04-18,57720.416666666664
2018-04-19,58078.625
2018-04-20,57463.083333333336
2018-04-21,48539.916666666664
2018-04-22,44347.166666666664
2018-04-23,57675.125
2018-04-24,58733.541666666664
2018-04-25,59878.833333333336
2018-04-26,59865.291666666664
2018-04-27,57720.083333333336
2018-04-28,49063.041666666664
2018-04-29,44463.083333333336
2018-04-30,53406.25
2018-05-01,46257.416666666664
2018-05-02,58192.5
2018-05-03,59251.25
2018-05-04,58319.125
2018-05-05,49089.75
2018-05-06,45175.666666666664
2018-05-07,58399.458333333336
2018-05-08,59589.125
2018-05-09,58902.916666666664
2018-05-10,47284.5
2018-05-11,52534.416666666664
2018-05-12,48121.416666666664
2018-05-13,45165.916666666664
2018-05-14,58856.875
2018-05-15,59392.25
2018-05-16,59627.166666666664
2018-05-17,60067.125
2018-05-18,58530.833333333336
2018-05-19,48537.75
2018-05-20,42572.166666666664
2018-05-21,44310.833333333336
2018-05-22,57949.416666666664
2018-05-23,59730.5
2018-05-24,59904.791666666664
2018-05-25,58483.458333333336
2018-05-26,49610.708333333336
2018-05-27,45490.916666666664
2018-05-28,59245.583333333336
2018-05-29,60612.083333333336
2018-05-30,59156.208333333336
2018-05-31,51165.5
2018-06-01,54735.25
2018-06-02,48264.958333333336
2018-06-03,44691.958333333336
2018-06-04,58208.0
2018-06-05,59840.916666666664
2018-06-06,60287.708333333336
2018-06-07,60544.333333333336
2018-06-08,59449.25
2018-06-09,50453.583333333336
2018-06-10,46356.041666666664
2018-06-11,59716.0
2018-06-12,59772.25
2018-06-13,59446.541666666664
2018-06-14,59554.375
2018-06-15,58556.625
2018-06-16,49076.75
2018-06-17,45286.208333333336
2018-06-18,59252.208333333336
2018-06-19,60721.125
2018-06-20,60953.666666666664
2018-06-21,60940.625
2018-06-22,58648.458333333336
2018-06-23,48772.125
2018-06-24,44761.666666666664
2018-06-25,58399.625
2018-06-26,59263.208333333336
2018-06-27,59284.0
2018-06-28,59973.333333333336
2018-06-29,58570.833333333336
2018-06-30,49125.75
2018-07-01,45169.041666666664
2018-07-02,58353.166666666664
2018-07-03,60002.041666666664
2018-07-04,60396.375
2018-07-05,60561.041666666664
2018-07-06,59083.875
2018-07-07,48779.875
2018-07-08,44524.0
2018-07-09,57597.166666666664
2018-07-10,57753.458333333336
2018-07-11,57368.75
2018-07-12,57263.25
2018-07-13,56667.333333333336
2018-07-14,47146.708333333336
2018-07-15,43354.833333333336
2018-07-16,55817.416666666664
2018-07-17,57177.291666666664
2018-07-18,57367.833333333336
2018-07-19,56954.333333333336
2018-07-20,55808.0
2018-07-21,47094.875
2018-07-22,44040.625
2018-07-23,56892.708333333336
2018-07-24,58250.541666666664
2018-07-25,59079.083333333336
2018-07-26,59160.458333333336
2018-07-27,58273.291666666664
2018-07-28,49420.875
2018-07-29,44682.375
2018-07-30,57143.833333333336
2018-07-31,58573.916666666664
2018-08-01,58181.291666666664
2018-08-02,58489.625
2018-08-03,57602.25
2018-08-04,49759.833333333336
2018-08-05,45018.791666666664
2018-08-06,56954.833333333336
2018-08-07,58472.25
2018-08-08,59323.166666666664
2018-08-09,58586.041666666664
2018-08-10,56578.375
2018-08-11,47182.833333333336
2018-08-12,42934.708333333336
2018-08-13,55762.916666666664
2018-08-14,56353.375
2018-08-15,54723.666666666664
2018-08-16,56619.083333333336
2018-08-17,55941.166666666664
2018-08-18,48803.416666666664
2018-08-19,44936.291666666664
2018-08-20,57063.583333333336
2018-08-21,57501.291666666664
2018-08-22,58666.75
2018-08-23,59444.958333333336
2018-08-24,57750.791666666664
2018-08-25,48110.25
2018-08-26,44016.375
2018-08-27,58399.5
2018-08-28,57846.0
2018-08-29,58520.666666666664
2018-08-30,58702.708333333336
2018-08-31,56162.416666666664
2018-09-01,47716.333333333336
2018-09-02,44761.75
2018-09-03,57602.5
2018-09-04,58422.666666666664
2018-09-05,58218.041666666664
2018-09-06,58791.75
2018-09-07,57691.416666666664
2018-09-08,48917.958333333336
2018-09-09,44701.25
2018-09-10,57728.083333333336
2018-09-11,59780.875
2018-09-12,59288.083333333336
2018-09-13,58614.875
2018-09-14,57350.458333333336
2018-09-15,48498.583333333336
2018-09-16,44579.375
2018-09-17,57308.125
2018-09-18,60657.291666666664
2018-09-19,60429.75
2018-09-20,60315.083333333336
2018-09-21,60772.833333333336
2018-09-22,50301.166666666664
2018-09-23,46443.0
2018-09-24,59326.083333333336
2018-09-25,58629.375
2018-09-26,60498.291666666664
2018-09-27,59433.416666666664
2018-09-28,59272.791666666664
2018-09-29,49763.083333333336
2018-09-30,45945.25
2018-10-01,59009.125
2018-10-02,60577.208333333336
2018-10-03,49949.583333333336
2018-10-04,57853.791666666664
2018-10-05,57429.666666666664
2018-10-06,49324.708333333336
2018-10-07,45865.333333333336
2018-10-08,58544.625
2018-10-09,59331.333333333336
2018-10-10,59097.541666666664
2018-10-11,60292.333333333336
2018-10-12,58499.583333333336
2018-10-13,49293.666666666664
2018-10-14,45883.5
2018-10-15,57575.083333333336
2018-10-16,58569.708333333336
2018-10-17,58626.75
2018-10-18,59559.208333333336
2018-10-19,57924.083333333336
2018-10-20,50499.25
2018-10-21,47580.791666666664
2018-10-22,61016.791666666664
2018-10-23,63892.041666666664
2018-10-24,62779.083333333336
2018-10-25,62200.458333333336
2018-10-26,60380.25
2018-10-27,51904.583333333336
2018-10-28,48619.791666666664
2018-10-29,62371.041666666664
2018-10-30,62840.25
2018-10-31,58400.916666666664
2018-11-01,53218.166666666664
2018-11-02,56623.041666666664
2018-11-03,50847.5
2018-11-04,47122.208333333336
2018-11-05,59882.583333333336
2018-11-06,61190.541666666664
2018-11-07,61990.75
2018-11-08,61521.5
2018-11-09,60966.791666666664
2018-11-10,53141.75
2018-11-11,48450.375
2018-11-12,60541.916666666664
2018-11-13,62689.458333333336
2018-11-14,62722.083333333336
2018-11-15,63156.541666666664
2018-11-16,63017.083333333336
2018-11-17,55753.0
2018-11-18,49992.5
2018-11-19,64498.375
2018-11-20,66169.04166666667
2018-11-21,65516.333333333336
2018-11-22,65446.416666666664
2018-11-23,63409.0
2018-11-24,54753.0
2018-11-25,51081.375
2018-11-26,63570.583333333336
2018-11-27,64873.208333333336
2018-11-28,67614.70833333333
2018-11-29,67321.66666666667
2018-11-30,65411.916666666664
2018-12-01,55954.708333333336
2018-12-02,51907.291666666664
2018-12-03,64218.625
2018-12-04,65178.416666666664
2018-12-05,65786.83333333333
2018-12-06,65886.29166666667
2018-12-07,65009.708333333336
2018-12-08,57268.833333333336
2018-12-09,52910.125
2018-12-10,66588.79166666667
2018-12-11,66507.33333333333
2018-12-12,65645.66666666667
2018-12-13,66393.04166666667
2018-12-14,65628.66666666667
2018-12-15,57690.625
2018-12-16,54250.375
2018-12-17,63751.333333333336
2018-12-18,64857.583333333336
2018-12-19,65383.75
2018-12-20,62981.875
2018-12-21,59759.0
2018-12-22,51616.166666666664
2018-12-23,47510.208333333336
2018-12-24,47114.666666666664
2018-12-25,45731.291666666664
2018-12-26,46966.25
2018-12-27,52771.875
2018-12-28,52652.541666666664
2018-12-29,51143.916666666664
2018-12-30,47148.541666666664
2018-12-31,47837.416666666664
2019-01-01,45700.75
2019-01-02,57815.041666666664
2019-01-03,60431.125
2019-01-04,61071.583333333336
2019-01-05,54252.666666666664
2019-01-06,49532.541666666664
2019-01-07,62726.541666666664
2019-01-08,66350.91666666667
2019-01-09,66897.54166666667
2019-01-10,64724.083333333336
2019-01-11,66110.875
2019-01-12,56442.708333333336
2019-01-13,53352.75
2019-01-14,65869.95833333333
2019-01-15,66550.5
2019-01-16,66137.375
2019-01-17,66614.08333333333
2019-01-18,64160.875
2019-01-19,55490.541666666664
2019-01-20,52141.125
2019-01-21,65239.208333333336
2019-01-22,67885.75
2019-01-23,68183.58333333333
2019-01-24,67270.95833333333
2019-01-25,66518.95833333333
2019-01-26,57823.166666666664
2019-01-27,52187.458333333336
2019-01-28,65188.541666666664
2019-01-29,65566.29166666667
2019-01-30,65912.79166666667
2019-01-31,65361.041666666664
2019-02-01,65321.916666666664
2019-02-02,55181.333333333336
2019-02-03,52089.458333333336
2019-02-04,64768.375
2019-02-05,66285.29166666667
2019-02-06,65569.41666666667
2019-02-07,66686.66666666667
2019-02-08,65009.333333333336
2019-02-09,56537.541666666664
2019-02-10,51660.125
2019-02-11,65704.5
2019-02-12,65319.291666666664
2019-02-13,65532.375
2019-02-14,63974.791666666664
2019-02-15,62838.25
2019-02-16,53351.291666666664
2019-02-17,48872.541666666664
2019-02-18,61654.958333333336
2019-02-19,64290.541666666664
2019-02-20,63259.166666666664
2019-02-21,62966.583333333336
2019-02-22,62149.041666666664
2019-02-23,53278.75
2019-02-24,48673.583333333336
2019-02-25,60448.041666666664
2019-02-26,61685.958333333336
2019-02-27,62042.0
2019-02-28,61683.291666666664
2019-03-01,61425.666666666664
2019-03-02,52792.666666666664
2019-03-03,49295.125
2019-03-04,61293.291666666664
2019-03-05,62494.958333333336
2019-03-06,62224.208333333336
2019-03-07,62921.125
2019-03-08,61686.458333333336
2019-03-09,53506.875
2019-03-10,48809.75
2019-03-11,62408.708333333336
2019-03-12,62668.25
2019-03-13,64460.958333333336
2019-03-14,64635.75
2019-03-15,63393.875
2019-03-16,53061.958333333336
2019-03-17,49922.875
2019-03-18,62262.708333333336
2019-03-19,62412.833333333336
2019-03-20,61738.0
2019-03-21,60867.541666666664
2019-03-22,59213.875
2019-03-23,50523.166666666664
2019-03-24,46527.416666666664
2019-03-25,60615.708333333336
2019-03-26,61570.666666666664
2019-03-27,61023.458333333336
2019-03-28,60137.833333333336
2019-03-29,58189.75
2019-03-30,49362.875
2019-03-31,46500.291666666664
2019-04-01,58458.416666666664
2019-04-02,60766.375
2019-04-03,60218.125
2019-04-04,60713.208333333336
2019-04-05,59820.625
2019-04-06,49465.25
2019-04-07,45595.0
2019-04-08,58302.708333333336
2019-04-09,60264.75
2019-04-10,60372.708333333336
2019-04-11,60024.833333333336
2019-04-12,59505.541666666664
2019-04-13,51319.583333333336
2019-04-14,47571.666666666664
2019-04-15,58252.916666666664
2019-04-16,60045.708333333336
2019-04-17,59354.041666666664
2019-04-18,56974.458333333336
2019-04-19,44130.208333333336
2019-04-20,43533.958333333336
2019-04-21,39302.541666666664
2019-04-22,42215.25
2019-04-23,56883.375
2019-04-24,57845.375
2019-04-25,58110.333333333336
2019-04-26,57525.708333333336
2019-04-27,48399.25
2019-04-28,45377.958333333336
2019-04-29,58493.458333333336
2019-04-30,57000.666666666664
2019-05-01,44748.125
2019-05-02,57558.791666666664
2019-05-03,57802.125
2019-05-04,49816.708333333336
2019-05-05,46442.333333333336
2019-05-06,59732.333333333336
2019-05-07,59572.791666666664
2019-05-08,60234.0
2019-05-09,59513.625
2019-05-10,58352.791666666664
2019-05-11,49308.25
2019-05-12,45451.25
2019-05-13,57398.083333333336
2019-05-14,58924.583333333336
2019-05-15,59599.666666666664
2019-05-16,60476.666666666664
2019-05-17,58501.458333333336
2019-05-18,47843.041666666664
2019-05-19,44255.666666666664
2019-05-20,57873.458333333336
2019-05-21,59926.833333333336
2019-05-22,59285.625
2019-05-23,58389.0
2019-05-24,57342.291666666664
2019-05-25,47370.208333333336
2019-05-26,44430.041666666664
2019-05-27,57301.166666666664
2019-05-28,58031.583333333336
2019-05-29,56651.208333333336
2019-05-30,45759.666666666664
2019-05-31,50344.75
2019-06-01,46877.541666666664
2019-06-02,44195.708333333336
2019-06-03,57962.75
2019-06-04,59069.5
2019-06-05,59872.666666666664
2019-06-06,58908.166666666664
2019-06-07,56262.083333333336
2019-06-08,47820.791666666664
2019-06-09,41801.166666666664
2019-06-10,43427.708333333336
2019-06-11,56463.5
2019-06-12,58982.833333333336
2019-06-13,57345.416666666664
2019-06-14,57069.416666666664
2019-06-15,48492.916666666664
2019-06-16,44225.166666666664
2019-06-17,57342.458333333336
2019-06-18,59385.791666666664
2019-06-19,58770.791666666664
2019-06-20,49399.791666666664
2019-06-21,52431.833333333336
2019-06-22,46817.5
2019-06-23,43640.333333333336
2019-06-24,58349.75
2019-06-25,60520.166666666664
2019-06-26,61269.916666666664
2019-06-27,59966.916666666664
2019-06-28,57133.291666666664
2019-06-29,48515.958333333336
2019-06-30,45931.0
2019-07-01,59623.291666666664
2019-07-02,58850.5
2019-07-03,58510.75
2019-07-04,58812.875
2019-07-05,57692.5
2019-07-06,48577.375
2019-07-07,44190.125
2019-07-08,56911.375
2019-07-09,57718.125
2019-07-10,57242.125
2019-07-11,57515.958333333336
2019-07-12,56999.791666666664
2019-07-13,47674.791666666664
2019-07-14,43295.0
2019-07-15,55960.833333333336
2019-07-16,57313.458333333336
2019-07-17,56789.916666666664
2019-07-18,57459.666666666664
2019-07-19,56158.208333333336
2019-07-20,47369.75
2019-07-21,43531.916666666664
2019-07-22,55931.041666666664
2019-07-23,57250.5
2019-07-24,58165.791666666664
2019-07-25,58767.375
2019-07-26,57773.708333333336
2019-07-27,47573.125
2019-07-28,43988.166666666664
2019-07-29,55715.25
2019-07-30,57513.125
2019-07-31,56719.708333333336
2019-08-01,55434.166666666664
2019-08-02,54377.458333333336
2019-08-03,45267.958333333336
2019-08-04,41717.041666666664
2019-08-05,53251.583333333336
2019-08-06,54824.666666666664
2019-08-07,55170.875
2019-08-08,55275.875
2019-08-09,54948.25
2019-08-10,47183.416666666664
2019-08-11,43478.708333333336
2019-08-12,54126.416666666664
2019-08-13,54736.458333333336
2019-08-14,53902.125
2019-08-15,54255.5
2019-08-16,52547.125
2019-08-17,45834.333333333336
2019-08-18,42684.708333333336
2019-08-19,54875.708333333336
2019-08-20,55230.375
2019-08-21,54592.375
2019-08-22,54848.875
2019-08-23,54150.541666666664
2019-08-24,46006.916666666664
2019-08-25,43162.125
2019-08-26,56785.291666666664
2019-08-27,58628.041666666664
2019-08-28,58632.083333333336
2019-08-29,57846.125
2019-08-30,56221.708333333336
2019-08-31,47332.291666666664
2019-09-01,43198.25
2019-09-02,54263.916666666664
2019-09-03,55633.916666666664
2019-09-04,56032.333333333336
2019-09-05,56909.375
2019-09-06,55032.416666666664
2019-09-07,46067.041666666664
2019-09-08,43163.125
2019-09-09,55351.333333333336
2019-09-10,56187.291666666664
2019-09-11,57038.083333333336
2019-09-12,57813.375
2019-09-13,56942.333333333336
2019-09-14,46613.125
2019-09-15,43493.875
2019-09-16,55878.708333333336
2019-09-17,57167.291666666664
2019-09-18,56384.666666666664
2019-09-19,56644.416666666664
2019-09-20,55403.166666666664
2019-09-21,47262.958333333336
2019-09-22,43816.625
2019-09-23,57425.333333333336
2019-09-24,58251.0
2019-09-25,58297.25
2019-09-26,58641.166666666664
2019-09-27,57714.416666666664
2019-09-28,48160.333333333336
2019-09-29,45316.833333333336
2019-09-30,57989.333333333336
2019-10-01,59552.375
2019-10-02,57934.75
2019-10-03,46054.083333333336
2019-10-04,51598.25
2019-10-05,47027.75
2019-10-06,46157.875
2019-10-07,57719.875
2019-10-08,59592.833333333336
2019-10-09,59452.541666666664
2019-10-10,59746.75
2019-10-11,59141.083333333336
2019-10-12,49098.75
2019-10-13,45860.125
2019-10-14,57743.875
2019-10-15,60052.75
2019-10-16,60800.625
2019-10-17,60136.208333333336
2019-10-18,59215.041666666664
2019-10-19,49507.791666666664
2019-10-20,45473.25
2019-10-21,58757.0
2019-10-22,59924.166666666664
2019-10-23,60705.125
2019-10-24,60447.166666666664
2019-10-25,58939.583333333336
2019-10-26,50336.291666666664
2019-10-27,46281.541666666664
2019-10-28,59574.583333333336
2019-10-29,60975.833333333336
2019-10-30,60911.208333333336
2019-10-31,56957.5
2019-11-01,51479.708333333336
2019-11-02,49431.0
2019-11-03,45877.583333333336
2019-11-04,58891.916666666664
2019-11-05,60804.166666666664
2019-11-06,61910.041666666664
2019-11-07,62536.333333333336
2019-11-08,61390.25
2019-11-09,52308.041666666664
2019-11-10,49274.791666666664
2019-11-11,62457.083333333336
2019-11-12,63297.375
2019-11-13,62720.083333333336
2019-11-14,62386.416666666664
2019-11-15,61291.333333333336
2019-11-16,52492.166666666664
2019-11-17,49141.208333333336
2019-11-18,61681.333333333336
2019-11-19,63871.208333333336
2019-11-20,63254.791666666664
2019-11-21,63605.25
2019-11-22,62836.25
2019-11-23,53462.875
2019-11-24,49439.875
2019-11-25,62025.041666666664
2019-11-26,63437.166666666664
2019-11-27,64577.958333333336
2019-11-28,63978.75
2019-11-29,61994.708333333336
2019-11-30,52174.208333333336
2019-12-01,50712.0
2019-12-02,60856.666666666664
2019-12-03,64334.0
2019-12-04,64571.916666666664
2019-12-05,66169.75
2019-12-06,65328.5
2019-12-07,54618.916666666664
2019-12-08,51535.333333333336
2019-12-09,63425.083333333336
2019-12-10,64794.416666666664
2019-12-11,65951.41666666667
2019-12-12,65696.79166666667
2019-12-13,63614.0
2019-12-14,54623.041666666664
2019-12-15,50590.583333333336
2019-12-16,61330.083333333336
2019-12-17,61568.125
2019-12-18,60788.625
2019-12-19,59947.291666666664
2019-12-20,56427.625
2019-12-21,50267.333333333336
2019-12-22,47528.291666666664
2019-12-23,50619.333333333336
2019-12-24,46353.666666666664
2019-12-25,43426.833333333336
2019-12-26,43445.5
2019-12-27,48841.625
2019-12-28,47555.458333333336
2019-12-29,45294.75
2019-12-30,50001.875
2019-12-31,46872.208333333336
2020-01-01,43997.208333333336
2020-01-02,54077.458333333336
2020-01-03,55618.458333333336
2020-01-04,52561.291666666664
2020-01-05,48003.416666666664
2020-01-06,56859.333333333336
2020-01-07,62680.75
2020-01-08,63696.708333333336
2020-01-09,63111.791666666664
2020-01-10,61941.666666666664
2020-01-11,53762.041666666664
2020-01-12,51490.875
2020-01-13,63026.458333333336
2020-01-14,65434.708333333336
2020-01-15,64113.708333333336
2020-01-16,62742.25
2020-01-17,62908.625
2020-01-18,54041.708333333336
2020-01-19,50264.416666666664
2020-01-20,62554.791666666664
2020-01-21,64854.083333333336
2020-01-22,64861.25
2020-01-23,64536.041666666664
2020-01-24,63653.125
2020-01-25,55185.333333333336
2020-01-26,50611.5
2020-01-27,63641.0
2020-01-28,65516.458333333336
2020-01-29,65814.29166666667
2020-01-30,65415.541666666664
2020-01-31,62933.708333333336
2020-02-01,52920.083333333336
2020-02-02,49633.291666666664
2020-02-03,63015.458333333336
2020-02-04,65127.041666666664
2020-02-05,63806.333333333336
2020-02-06,63968.208333333336
2020-02-07,62952.25
2020-02-08,53452.833333333336
2020-02-09,49496.75
2020-02-10,62795.25
2020-02-11,65600.70833333333
2020-02-12,65712.79166666667
2020-02-13,65809.41666666667
2020-02-14,63384.666666666664
2020-02-15,53097.625
2020-02-16,49515.416666666664
2020-02-17,62132.916666666664
2020-02-18,64207.458333333336
2020-02-19,63452.333333333336
2020-02-20,63123.208333333336
2020-02-21,62324.25
2020-02-22,53603.0
2020-02-23,49668.125
2020-02-24,60095.5
2020-02-25,61560.958333333336
2020-02-26,63170.666666666664
2020-02-27,64398.291666666664
2020-02-28,62286.458333333336
2020-02-29,52434.625
2020-03-01,48347.458333333336
2020-03-02,61356.916666666664
2020-03-03,61961.875
2020-03-04,61866.75
2020-03-05,62574.5
2020-03-06,61961.791666666664
2020-03-07,52450.083333333336
2020-03-08,48647.375
2020-03-09,60481.791666666664
2020-03-10,64330.958333333336
2020-03-11,61966.166666666664
2020-03-12,62402.166666666664
2020-03-13,61392.541666666664
2020-03-14,51491.541666666664
2020-03-15,47674.5
2020-03-16,57967.208333333336
2020-03-17,59227.583333333336
2020-03-18,58632.5
2020-03-19,57385.375
2020-03-20,56547.0
2020-03-21,50609.833333333336
2020-03-22,47239.708333333336
2020-03-23,56158.291666666664
2020-03-24,56686.75
2020-03-25,56345.25
2020-03-26,55915.291666666664
2020-03-27,54138.041666666664
2020-03-28,47547.333333333336
2020-03-29,47512.916666666664
2020-03-30,55986.458333333336
2020-03-31,55866.75
2020-04-01,56154.583333333336
2020-04-02,56209.416666666664
2020-04-03,54968.791666666664
2020-04-04,46576.75
2020-04-05,44154.125
2020-04-06,52126.833333333336
2020-04-07,52675.375
2020-04-08,51694.708333333336
2020-04-09,50350.833333333336
2020-04-10,41901.458333333336
2020-04-11,42388.791666666664
2020-04-12,39338.208333333336
2020-04-13,41393.666666666664
2020-04-14,50164.333333333336
2020-04-15,51401.583333333336
2020-04-16,51715.416666666664
2020-04-17,51067.708333333336
2020-04-18,44162.333333333336
2020-04-19,42004.833333333336
2020-04-20,52174.25
2020-04-21,53882.791666666664
2020-04-22,53351.041666666664
2020-04-23,53097.5
2020-04-24,51285.791666666664
2020-04-25,45012.083333333336
2020-04-26,42403.458333333336
2020-04-27,51972.125
2020-04-28,53148.958333333336
2020-04-29,53617.541666666664
2020-04-30,52046.291666666664
2020-05-01,41735.708333333336
2020-05-02,43516.916666666664
2020-05-03,41095.791666666664
2020-05-04,52550.916666666664
2020-05-05,53944.791666666664
2020-05-06,52783.916666666664
2020-05-07,52334.916666666664
2020-05-08,50140.541666666664
2020-05-09,44118.666666666664
2020-05-10,41261.708333333336
2020-05-11,54854.5
2020-05-12,54000.916666666664
2020-05-13,54375.416666666664
2020-05-14,53508.458333333336
2020-05-15,52499.291666666664
2020-05-16,45224.208333333336
2020-05-17,42026.041666666664
2020-05-18,52371.583333333336
2020-05-19,53247.666666666664
2020-05-20,51538.083333333336
2020-05-21,41680.208333333336
2020-05-22,46409.541666666664
2020-05-23,44485.125
2020-05-24,42345.291666666664
2020-05-25,53351.75
2020-05-26,53069.0
2020-05-27,53006.0
2020-05-28,53283.041666666664
2020-05-29,51029.0
2020-05-30,43468.0
2020-05-31,39486.458333333336
2020-06-01,40230.333333333336
2020-06-02,52192.375
2020-06-03,53659.416666666664
2020-06-04,54442.916666666664
2020-06-05,53388.916666666664
2020-06-06,45541.916666666664
2020-06-07,41977.833333333336
2020-06-08,52035.833333333336
2020-06-09,53368.541666666664
2020-06-10,52808.041666666664
2020-06-11,45439.916666666664
2020-06-12,47924.125
2020-06-13,44011.875
2020-06-14,41949.875
2020-06-15,52005.75
2020-06-16,53429.458333333336
2020-06-17,53678.333333333336
2020-06-18,53537.25
2020-06-19,51676.083333333336
2020-06-20,43671.916666666664
2020-06-21,40698.833333333336
2020-06-22,52505.625
2020-06-23,53522.208333333336
2020-06-24,53910.208333333336
2020-06-25,54011.708333333336
2020-06-26,52095.583333333336
2020-06-27,45076.666666666664
2020-06-28,42243.541666666664
2020-06-29,53415.75
2020-06-30,54909.958333333336
2020-07-01,55505.0
2020-07-02,54709.125
2020-07-03,52683.541666666664
2020-07-04,45592.0
2020-07-05,43396.75
2020-07-06,55133.625
2020-07-07,54685.291666666664
2020-07-08,55104.875
2020-07-09,55394.5
2020-07-10,53426.208333333336
2020-07-11,44167.208333333336
2020-07-12,40856.333333333336
2020-07-13,52374.125
2020-07-14,54328.458333333336
2020-07-15,55505.541666666664
2020-07-16,55208.291666666664
2020-07-17,52810.416666666664
2020-07-18,44540.208333333336
2020-07-19,41506.25
2020-07-20,52792.083333333336
2020-07-21,53276.583333333336
2020-07-22,54195.666666666664
2020-07-23,54123.291666666664
2020-07-24,52263.208333333336
2020-07-25,44737.0
2020-07-26,41942.333333333336
2020-07-27,52635.291666666664
2020-07-28,54219.0
2020-07-29,53052.791666666664
2020-07-30,52520.083333333336
2020-07-31,52239.541666666664
2020-08-01,44502.5
2020-08-02,41176.541666666664
2020-08-03,50445.666666666664
2020-08-04,51178.625
2020-08-05,51746.625
2020-08-06,52382.875
2020-08-07,52047.75
2020-08-08,45485.75
2020-08-09,42869.166666666664
2020-08-10,54603.5
2020-08-11,56636.5
2020-08-12,55990.875
2020-08-13,55857.458333333336
2020-08-14,53679.708333333336
2020-08-15,44944.041666666664
2020-08-16,42825.083333333336
2020-08-17,54020.375
2020-08-18,54758.583333333336
2020-08-19,54632.541666666664
2020-08-20,55553.25
2020-08-21,55057.208333333336
2020-08-22,46348.791666666664
2020-08-23,42733.666666666664
2020-08-24,53553.166666666664
2020-08-25,54916.833333333336
2020-08-26,57705.875
2020-08-27,55307.291666666664
2020-08-28,53248.541666666664
2020-08-29,44931.625
2020-08-30,41910.291666666664
2020-08-31,53905.791666666664
2020-09-01,55165.833333333336
2020-09-02,54910.875
2020-09-03,55672.583333333336
2020-09-04,53314.375
2020-09-05,45695.25
2020-09-06,42659.5
2020-09-07,53265.666666666664
2020-09-08,55538.5
2020-09-09,55601.666666666664
2020-09-10,54816.375
2020-09-11,52940.0
2020-09-12,45998.791666666664
2020-09-13,42392.416666666664
2020-09-14,53828.291666666664
2020-09-15,55284.666666666664
2020-09-16,56118.375
2020-09-17,55935.166666666664
2020-09-18,54495.333333333336
2020-09-19,46551.416666666664
2020-09-20,43056.041666666664
2020-09-21,54679.541666666664
2020-09-22,55706.375
2020-09-23,56557.833333333336
2020-09-24,57341.0
2020-09-25,55783.708333333336
2020-09-26,48553.708333333336
2020-09-27,45261.375
2020-09-28,56614.0
2020-09-29,57844.166666666664
2020-09-30,57772.791666666664
